,qualtrics_id,word_count,bigram_count,trigram_count,combination_ratio,content_word_count,content_word_ratio,median_SUBTLEX_freq,log_min_SUBTLEX_freq,SES.ycoord,political_scale,political_interest,schooling_level,age,ttr,Highspin_successes,Lowspin_successes,Highspin_trials,Lowspin_trials,Span_trials,Span_successes
0,R_0B3sd6PDs4u4JNf,11.8,10.8,9.8,0.7973470732808122,6.844444444444444,0.5985048123939266,1960.7246187363835,2.2252317478954002,425.0,3.0,3.0,6.0,26.0,0.4425612052730697,6.0,6.0,25.0,25.0,27.0,19.0
1,R_0IJZKTzkc4l0c1z,13.633802816901408,12.633802816901408,11.633802816901408,0.83024939404112,7.563380281690141,0.55395398697726,2481.2352941176473,1.545182272157636,,,,,,0.3378099173553719,10.0,4.0,25.0,25.0,42.0,26.5
3,R_10GYpyC9cgdCuFA,46.46666666666667,45.46666666666667,44.46666666666667,0.9237999755860956,26.666666666666668,0.5798408519418835,2765.552287581699,2.110952314963043,345.0,5.0,5.0,2.0,40.0,0.35437589670014347,12.0,5.0,25.0,25.0,15.0,10.5
5,R_116O2rIm4DqX1I2,71.28571428571429,70.28571428571429,69.28571428571429,0.9710283628348997,49.42857142857143,0.6986815710304626,243.38375350140058,-0.1434379126852749,985.0,3.0,1.0,2.0,26.0,0.4348697394789579,22.0,8.0,25.0,25.0,6.0,3.0
10,R_12EjT7RxOQCHSTh,101.125,100.125,99.125,0.9753136914173661,58.625,0.5835281400916837,3340.692401960784,-1.0104142781563346,,,,,,0.2941903584672435,16.0,6.0,25.0,25.0,15.0,8.0
11,R_12gzPjj9bAK9XJd,18.775,17.775,16.775,0.8745524247679223,10.25,0.5613474476060732,1905.2473039215686,1.0748018972281261,511.0,2.0,5.0,3.0,20.0,0.36617842876165113,20.0,8.0,25.0,25.0,42.0,30.0
15,R_1CrQvou1DAGNE1h,17.45098039215686,16.45098039215686,15.450980392156863,0.859679554144227,9.490196078431373,0.5599104152982102,1926.2454825067282,0.9749913583704475,883.0,2.0,2.0,3.0,25.0,0.34831460674157305,19.0,5.0,25.0,24.0,42.0,25.0
16,R_1DFGaL0j7cI1tKT,22.107142857142858,21.107142857142858,20.107142857142858,0.8922221042945726,11.785714285714286,0.5358890655766887,2548.5045518207285,1.382067895382989,303.0,3.0,7.0,5.0,21.0,0.3473344103392569,18.0,10.0,25.0,25.0,27.0,17.0
18,R_1DIHC6dyBkpuJBc,61.77777777777778,60.77777777777778,59.77777777777778,0.9142781927091919,39.333333333333336,0.602263643932271,2095.8779956427015,0.7795886664236463,773.0,3.0,5.0,3.0,48.0,0.5233812949640287,15.0,4.0,24.0,24.0,15.0,9.0
20,R_1E6H3sHaR2dvgQ3,16.482142857142858,15.482142857142858,14.482142857142858,0.8504826205665993,8.660714285714286,0.5334860308824527,2812.9903711484594,1.543136218391297,409.0,3.0,6.0,3.0,19.0,0.3206933911159263,14.0,8.0,25.0,24.0,27.0,19.0
22,R_1FJp4SRV8ni6s81,14.347826086956522,13.347826086956522,12.347826086956522,0.8396198215194716,7.934782608695652,0.567963852826553,1759.2843137254902,0.9251108152150284,854.0,1.0,6.0,3.0,22.0,0.39090909090909093,18.0,7.0,25.0,25.0,15.0,10.0
23,R_1FdUkppqI4tBNLj,13.12,12.12,11.12,0.8084569510528832,7.38,0.5577194973780869,3222.9115686274513,2.252128378328521,252.0,2.0,3.0,3.0,19.0,0.3673780487804878,16.0,7.0,25.0,25.0,42.0,29.0
28,R_1HcmEHH8Wbm4YLS,16.37142857142857,15.371428571428572,14.371428571428572,0.8535214079088471,9.428571428571429,0.5873002195602814,2205.572549019608,1.6590418016046231,862.0,1.0,1.0,3.0,29.0,0.40663176265270506,16.0,7.0,25.0,25.0,27.0,21.0
29,R_1HnlapH83U0K7M1,16.484375,15.484375,14.484375,0.7866872545491027,9.703125,0.6008077989610445,2039.7863051470588,0.541175131425794,681.0,4.0,3.0,5.0,24.0,0.4085308056872038,16.0,5.0,25.0,25.0,15.0,10.0
31,R_1JFUgNdDjXzAIlS,17.625,16.625,15.625,0.8516435541385055,9.458333333333334,0.5575087206275513,2041.5216503267975,0.3669965450408812,513.0,3.0,5.0,3.0,19.0,0.375886524822695,17.0,7.0,25.0,24.0,81.0,71.0
32,R_1JVkMpdmDHoYHbY,22.129032258064516,21.129032258064516,20.129032258064516,0.7753532547893199,12.612903225806452,0.5911899921799711,3582.452561669829,1.7403986156274427,660.0,3.0,4.0,5.0,53.0,0.36151603498542273,13.0,5.0,24.0,25.0,15.0,8.0
33,R_1K6GPsRugok2SaK,13.886363636363637,12.886363636363637,11.886363636363637,0.8067711606368227,7.909090909090909,0.5969809461548639,2925.9382798573974,1.3528990633686948,770.0,5.0,6.0,3.0,58.0,0.3698854337152209,10.0,3.0,22.0,23.0,15.0,5.0
34,R_1LFsKHfiSyONu3s,17.4375,16.4375,15.4375,0.8648788539269874,9.28125,0.5385215780285563,2456.4387254901962,1.3322537058761594,424.0,2.0,3.0,5.0,19.0,0.3888888888888889,6.0,3.0,25.0,25.0,42.0,33.0
35,R_1LHyL9GDafqPSFn,21.551724137931036,20.551724137931036,19.551724137931036,0.8752275038969423,11.275862068965518,0.5377213496081183,1648.9110885733605,1.5909655521702668,515.0,2.0,6.0,7.0,65.0,0.3888,16.0,4.0,25.0,24.0,15.0,10.5
37,R_1LSGsIiksBoXywR,13.295454545454545,12.295454545454545,11.295454545454545,0.8118398102429203,7.9772727272727275,0.6129843690997997,1896.9249108734402,1.3973574380895941,509.0,5.0,3.0,2.0,19.0,0.38974358974358975,13.0,4.0,25.0,25.0,27.0,18.5
38,R_1LTCXNMHzqCiCac,21.346153846153847,20.346153846153847,19.346153846153847,0.8472799722773611,13.692307692307692,0.6266769837507702,3775.876319758673,0.2682806435959017,466.0,1.0,1.0,3.0,32.0,0.5351351351351351,16.0,8.0,25.0,25.0,6.0,3.0
40,R_1LZtMjog4i7Lijg,11.745454545454546,10.745454545454546,9.745454545454546,0.7948380411677408,6.5636363636363635,0.5652577211319924,2609.3183600713014,2.5096331778013483,494.0,2.0,5.0,5.0,55.0,0.33436532507739936,4.0,0.0,25.0,23.0,81.0,69.0
41,R_1LcwSx99uLZgvsn,14.36697247706422,13.36697247706422,12.36697247706422,0.8256061719632359,7.587155963302752,0.5352256955365604,1851.945673682317,0.6474993720934552,299.0,1.0,6.0,3.0,21.0,0.289272030651341,20.0,10.0,25.0,25.0,15.0,11.0
44,R_1Ny2bPGg49RRVI2,15.743589743589743,14.743589743589743,13.743589743589743,0.8434766231222935,8.897435897435898,0.5693707799566738,2689.0927601809954,0.8948000158116978,493.0,3.0,3.0,2.0,20.0,0.40390879478827363,15.0,6.0,25.0,25.0,27.0,18.0
50,R_1Q4bHcdNzviptbH,22.392857142857142,21.392857142857142,20.392857142857142,0.8923477484474079,11.535714285714286,0.5292409890175428,1173.9933473389356,0.3521194492292203,766.0,2.0,5.0,3.0,26.0,0.38915470494417864,13.0,3.0,25.0,25.0,42.0,29.0
51,R_1Q5aHdXnt1iI0Fu,25.96,24.96,23.96,0.8460571473606698,15.12,0.5934350253589846,3284.4792156862745,1.2579168999422816,616.0,1.0,4.0,3.0,19.0,0.43143297380585516,15.0,5.0,25.0,25.0,81.0,64.0
52,R_1QEhnkTxo1t2QMP,18.242424242424242,17.242424242424242,16.242424242424242,0.8764702853371237,10.030303030303031,0.5552542749581648,1754.6622103386808,0.9093399642965511,571.0,4.0,2.0,2.0,20.0,0.43023255813953487,19.0,4.0,25.0,25.0,27.0,17.0
55,R_1QLy7eVBqzRzNIZ,15.204545454545455,14.204545454545455,13.204545454545455,0.8298383276639055,8.045454545454545,0.5337393581366765,2876.1980837789665,1.9226234841901055,339.0,5.0,3.0,3.0,21.0,0.3183856502242152,21.0,9.0,25.0,25.0,27.0,22.0
57,R_1QowIoH2xhz72Co,10.12962962962963,9.12962962962963,8.12962962962963,0.7668063456247152,5.666666666666667,0.5850907143347803,2474.668845315904,1.7104697052524624,457.0,3.0,5.0,3.0,22.0,0.3583180987202925,17.0,11.0,25.0,25.0,42.0,34.0
70,R_1f13lvLiFOnuAgl,21.115384615384617,20.115384615384617,19.115384615384617,0.8829823382105016,11.23076923076923,0.5250685915894483,1189.6493212669684,0.21029092376814237,509.0,3.0,1.0,5.0,24.0,0.4134790528233151,13.0,7.0,25.0,25.0,27.0,21.0
71,R_1f18PJOY1vRnJXM,21.11111111111111,20.11111111111111,19.11111111111111,0.7667626645955375,11.907407407407407,0.6024836387314488,2388.677559912854,0.27423036025758196,479.0,4.0,3.0,3.0,53.0,0.33596491228070174,11.0,1.0,24.0,24.0,15.0,7.0
72,R_1f3fAqVFq1KEcKJ,17.657894736842106,16.657894736842106,15.657894736842104,0.8622180613911101,9.289473684210526,0.5182803766761727,2479.999484004128,1.0555740011168535,625.0,4.0,4.0,6.0,39.0,0.3651266766020864,16.0,7.0,25.0,25.0,27.0,20.5
73,R_1f3jQQqQgIlYAJj,16.804878048780488,15.804878048780488,14.804878048780488,0.8507833767296836,9.463414634146341,0.5757836946227776,1496.9500239120036,0.717012514902089,260.0,2.0,2.0,3.0,20.0,0.45863570391872277,18.0,7.0,25.0,25.0,27.0,20.0
74,R_1gUWQkUujfWGLLT,16.31578947368421,15.31578947368421,14.31578947368421,0.8506021711256353,8.947368421052632,0.5503019162549471,1503.935758513932,0.2624095850602963,339.0,1.0,5.0,3.0,19.0,0.4306451612903226,19.0,9.0,25.0,25.0,42.0,30.0
75,R_1ghZRXm56atQkXo,17.023255813953487,16.023255813953487,15.023255813953488,0.8528091439513156,9.0,0.5431705331284534,2459.1165070679435,1.3051423193345406,515.0,1.0,2.0,2.0,20.0,0.3155737704918033,16.0,3.0,25.0,25.0,42.0,29.0
78,R_1i4lEWREe8n47KD,18.3125,17.3125,16.3125,0.8444236170866606,10.65625,0.616418650355471,3340.8553921568628,1.7483718050100185,260.0,3.0,3.0,5.0,21.0,0.4453924914675768,15.0,9.0,25.0,25.0,27.0,23.0
80,R_1ikaivHGKQwAw3B,25.47826086956522,24.47826086956522,23.47826086956522,0.8189577264931751,14.826086956521738,0.5738128382418048,2826.6939471440746,1.3025350484319491,603.0,3.0,3.0,3.0,52.0,0.4778156996587031,15.0,3.0,25.0,25.0,27.0,19.0
82,R_1jPNkb3tlHH7iSf,13.924528301886792,12.924528301886792,11.924528301886792,0.8193254809603024,7.547169811320755,0.541893841808309,3619.96781354051,1.1357639375085402,340.0,2.0,2.0,5.0,21.0,0.3509485094850949,15.0,3.0,25.0,25.0,42.0,34.0
83,R_1jk5O8PQyyRE8Ti,17.129032258064516,16.129032258064516,15.129032258064516,0.8723853821986901,9.096774193548388,0.5275677420327962,2104.318785578748,1.0958438632902334,398.0,6.0,4.0,3.0,20.0,0.4293785310734463,19.0,10.0,24.0,25.0,42.0,29.0
85,R_1kHQbngQXAHf5jG,20.966666666666665,19.966666666666665,18.966666666666665,0.8574879484267005,13.033333333333333,0.6390441388672558,1347.7601307189543,0.3526346470307015,405.0,2.0,1.0,3.0,26.0,0.5421303656597775,11.0,7.0,25.0,25.0,27.0,16.0
87,R_1kIGeKtX1c3Czwy,11.220338983050848,10.220338983050848,9.220338983050848,0.7323706005584284,6.4576271186440675,0.5979930270888917,2297.8130608175475,2.082788574366214,429.0,6.0,5.0,6.0,26.0,0.3595166163141994,3.0,1.0,25.0,25.0,15.0,9.5
88,R_1kIvZ7spm5KdrEu,14.175,13.175,12.175,0.8454099791677191,7.7,0.5456065775899368,2900.7519607843137,1.2333086073826345,297.0,3.0,3.0,3.0,21.0,0.3439153439153439,12.0,7.0,25.0,25.0,15.0,11.0
91,R_1ln1CHry0pqi6lx,90.14285714285714,89.14285714285714,88.14285714285714,0.9773280816388971,51.857142857142854,0.5729083216614771,1669.5266106442577,-0.6605847147817346,971.0,2.0,1.0,1.0,33.0,0.48177496038034867,15.0,8.0,25.0,25.0,15.0,8.0
93,R_1mO5pMGnUKxxqBB,15.95,14.95,13.95,0.8509480921808941,8.825,0.5641126469078228,2183.3323529411764,0.9778578989219577,331.0,1.0,6.0,5.0,21.0,0.3683385579937304,18.0,7.0,25.0,25.0,15.0,11.0
97,R_1o24Vj10WtiiI02,10.363636363636363,9.363636363636363,8.363636363636363,0.7794331749236055,5.515151515151516,0.5373083772067025,4008.590166369578,2.3337596138013494,453.0,3.0,5.0,3.0,21.0,0.2894736842105263,18.0,5.0,25.0,25.0,42.0,28.0
99,R_1pQjc4RwVRiCaA9,15.783783783783784,14.783783783783784,13.783783783783784,0.8412370186475047,8.513513513513514,0.5446017812993517,3806.454425013248,1.886226497758884,677.0,3.0,2.0,5.0,23.0,0.351027397260274,4.0,2.0,25.0,25.0,15.0,11.5
100,R_1pXudiUbWxAhomJ,16.75,15.75,14.75,0.8567680409093658,8.863636363636363,0.5460825782037875,1891.7457664884134,1.3141794537455442,324.0,2.0,5.0,5.0,21.0,0.3405698778833107,17.0,8.0,25.0,25.0,42.0,25.0
102,R_1pnUtZqZP26tfDx,13.409090909090908,12.409090909090908,11.409090909090908,0.7844162862397606,7.7727272727272725,0.5765301306605196,2095.7885472370767,1.1109786904739603,684.0,3.0,6.0,3.0,23.0,0.4322033898305085,15.0,9.0,25.0,25.0,27.0,20.0
106,R_1qfyC67q9Dm6mdw,17.324324324324323,16.324324324324323,15.324324324324325,0.8714867482615497,9.864864864864865,0.5770001583321007,1701.453630100689,0.766907507131815,252.0,4.0,2.0,2.0,20.0,0.4290171606864275,16.0,7.0,25.0,25.0,27.0,21.0
108,R_1r8EdJHYYojDjMh,19.806451612903224,18.806451612903224,17.806451612903224,0.8865691107541859,10.903225806451612,0.557098654370944,1487.6236559139786,0.0424850586351108,469.0,3.0,1.0,2.0,20.0,0.4723127035830619,16.0,7.0,25.0,25.0,15.0,9.5
110,R_1rqMZ60pcSEgbML,22.166666666666668,21.166666666666668,20.166666666666668,0.8376411183573461,12.88888888888889,0.5888783089270344,2162.526960784314,0.7668295636169805,763.0,2.0,3.0,2.0,23.0,0.4398496240601504,12.0,6.0,24.0,25.0,27.0,16.5
112,R_20Z3XwKWhtzscZn,20.29032258064516,19.29032258064516,18.29032258064516,0.8898981548675785,10.483870967741936,0.5180782598855309,1460.566413662239,-0.16466315759351147,285.0,3.0,2.0,3.0,18.0,0.40381558028616854,18.0,8.0,25.0,25.0,42.0,32.5
113,R_21GMwVqzbvgnfOX,27.64,26.64,25.64,0.9166685022098657,14.72,0.5391392944367497,1433.0192156862745,-0.025455737630891907,,,,,,0.4442836468885673,19.0,9.0,25.0,25.0,27.0,17.0
118,R_240BwySE8YGO6gi,13.868421052631579,12.868421052631579,11.868421052631579,0.8334490179854365,7.815789473684211,0.5642602333890829,1356.249742002064,0.9216378829783876,409.0,2.0,3.0,5.0,22.0,0.4364326375711575,10.0,4.0,25.0,25.0,27.0,17.0
122,R_24uZevWxnrYO9XI,25.428571428571427,24.428571428571427,23.428571428571427,0.9020553574809078,13.857142857142858,0.5437485936990437,1254.891223155929,0.5568304364160735,389.0,3.0,3.0,2.0,24.0,0.4250936329588015,19.0,7.0,25.0,25.0,15.0,10.5
126,R_25zrTCaduKThL54,16.743589743589745,15.743589743589743,14.743589743589743,0.8547903640638261,9.538461538461538,0.5913344154623034,2075.277777777778,0.17564957116532298,469.0,1.0,7.0,5.0,20.0,0.4241960183767228,16.0,6.0,25.0,25.0,27.0,23.5
127,R_262QpQOd7gom9lm,14.711538461538462,13.711538461538462,12.711538461538462,0.8249691033170372,8.288461538461538,0.5753290832923145,2095.8644419306183,1.2006228180932799,665.0,2.0,2.0,5.0,24.0,0.35947712418300654,13.0,3.0,25.0,25.0,60.0,49.5
129,R_26eydOz7HWjvSR6,27.869565217391305,26.869565217391305,25.869565217391305,0.8935074022729685,16.043478260869566,0.5637937050903419,4046.4262574595055,0.5040450185713407,827.0,2.0,1.0,1.0,38.0,0.45085803432137284,10.0,2.0,25.0,25.0,27.0,18.5
130,R_27UbKCa2OxwFm0S,27.40909090909091,26.40909090909091,25.40909090909091,0.8736523647023865,14.272727272727273,0.5192098995005062,2587.5779857397506,0.5563642697390461,,,,,,0.45439469320066334,15.0,8.0,24.0,23.0,27.0,19.0
135,R_28RHQtGK0hq2dvx,15.179487179487179,14.179487179487179,13.179487179487179,0.8518221350566526,8.64102564102564,0.561949042417477,2693.5613373554547,1.58548779591394,161.0,4.0,1.0,3.0,25.0,0.4527027027027027,11.0,3.0,25.0,25.0,6.0,3.0
138,R_29hS8k1jQP4PFsZ,83.71428571428571,82.71428571428571,81.71428571428571,0.9753826270735904,52.0,0.613908938142303,2689.3053221288515,-0.9662604074286936,,,,,,0.4522184300341297,19.0,2.0,25.0,25.0,27.0,16.0
142,R_2BkE5jebQcOMaeA,76.75,75.75,74.75,0.9693910164704664,54.125,0.7218600167524197,475.07843137254906,0.13823803389064573,425.0,6.0,4.0,2.0,37.0,0.4609120521172638,10.0,2.0,25.0,25.0,15.0,7.0
143,R_2BnfGrLj9A3UVtF,14.395348837209303,13.395348837209303,12.395348837209303,0.8247186241365244,8.116279069767442,0.5902718340416143,1640.5720474236207,1.5243101743621046,547.0,3.0,2.0,7.0,31.0,0.4168012924071082,11.0,5.0,25.0,25.0,27.0,22.0
145,R_2CQIiZ3eiD9r4cV,13.159090909090908,12.159090909090908,11.159090909090908,0.8156521125308065,7.295454545454546,0.55867976380501,2854.7419786096257,1.3874891106691871,416.0,3.0,5.0,4.0,26.0,0.40241796200345425,15.0,5.0,25.0,25.0,27.0,19.0
146,R_2CUM34WpI4RxFDz,15.026315789473685,14.026315789473685,13.026315789473685,0.8475350708205064,8.289473684210526,0.5638228712591009,1978.5717234262127,1.2313577100294688,425.0,3.0,3.0,3.0,19.0,0.4220665499124343,16.0,8.0,25.0,25.0,27.0,15.5
147,R_2Ck0Hv6ec9x0c9P,13.648148148148149,12.648148148148149,11.648148148148149,0.773292517825579,7.666666666666667,0.5986072340407267,2834.160130718954,1.3922512350914145,562.0,4.0,2.0,5.0,51.0,0.33649932157394846,12.0,3.0,25.0,24.0,27.0,19.0
150,R_2EBt7YqYXsY0kXp,12.0,11.0,10.0,0.794223882606976,7.1066666666666665,0.6062613019163026,2518.657647058824,2.1204524341289743,166.0,4.0,7.0,2.0,55.0,0.4066666666666667,15.0,5.0,24.0,24.0,27.0,15.0
151,R_2Eaa8QgmL5YUswx,18.266666666666666,17.266666666666666,16.266666666666666,0.8703452833311643,10.433333333333334,0.5673334269592832,1459.55522875817,0.8636867835970946,523.0,3.0,5.0,2.0,19.0,0.4489051094890511,14.0,10.0,25.0,25.0,42.0,36.0
152,R_2Ev0qUaKMxfNHa4,16.285714285714285,15.285714285714286,14.285714285714286,0.851729025773147,8.914285714285715,0.556314371903795,2384.1095238095236,1.1627695845822776,499.0,4.0,2.0,3.0,19.0,0.43508771929824563,19.0,9.0,25.0,25.0,27.0,20.0
154,R_2OUy6tJrqyjtsFv,17.47222222222222,16.47222222222222,15.472222222222221,0.8528000368590671,9.472222222222221,0.5627540340418357,3197.153867102397,1.656795572621834,665.0,4.0,2.0,4.0,26.0,0.30842607313195547,13.0,10.0,25.0,24.0,15.0,7.5
156,R_2PtbF7oEQ3BMaF3,14.146341463414634,13.146341463414634,12.146341463414634,0.8418824878294031,7.902439024390244,0.5621782868016727,2604.371831659493,1.153407234048755,492.0,2.0,4.0,5.0,25.0,0.3810344827586207,14.0,4.0,25.0,25.0,27.0,18.5
160,R_2S02env9Jv4fMyM,78.28571428571429,77.28571428571429,76.28571428571429,0.9736837891397648,42.42857142857143,0.5427211831560226,1613.151260504202,0.44435498840638654,670.0,5.0,5.0,3.0,48.0,0.3905109489051095,7.0,3.0,24.0,23.0,42.0,31.0
161,R_2S3sQla6nbOcRYy,15.93939393939394,14.93939393939394,13.93939393939394,0.8518635711052394,9.030303030303031,0.577340007971836,2093.6393345216875,1.2559394134626893,867.0,2.0,7.0,3.0,26.0,0.4714828897338403,16.0,4.0,25.0,25.0,15.0,8.0
162,R_2Sk1ezQVQ8FdRz7,14.108108108108109,13.108108108108109,12.108108108108109,0.7755868469369613,8.378378378378379,0.6131096069139548,3064.2061473237945,2.3436300889827995,860.0,2.0,3.0,2.0,47.0,0.36973180076628354,9.0,1.0,25.0,25.0,15.0,7.0
165,R_2TUjTIuQf4isKia,21.91111111111111,20.91111111111111,19.91111111111111,0.871767230568349,11.933333333333334,0.5630372836217507,1958.5278867102397,1.663212736389418,494.0,2.0,3.0,3.0,60.0,0.32454361054766734,11.0,3.0,25.0,25.0,27.0,19.0
166,R_2Toggmc212aeg2d,8.52127659574468,7.5212765957446805,6.5212765957446805,0.7083339237594557,4.829787234042553,0.5859919483589696,3480.031706299541,2.2592472627120173,506.0,2.0,6.0,6.0,28.0,0.35081148564294634,16.0,11.0,25.0,25.0,27.0,18.0
167,R_2TuuyUCKylikj02,16.774193548387096,15.774193548387096,14.774193548387096,0.8642534314341183,9.129032258064516,0.5661331276075913,1616.2947501581277,1.0339255737104986,669.0,2.0,2.0,3.0,19.0,0.4846153846153846,15.0,5.0,25.0,25.0,6.0,3.0
169,R_2VI8lPp4TcfGDyE,20.366666666666667,19.366666666666667,18.366666666666667,0.8862561203198284,11.166666666666666,0.5527206248525063,1361.0297385620916,-0.2313271852387011,491.0,7.0,5.0,3.0,20.0,0.46481178396072015,19.0,9.0,25.0,25.0,27.0,17.0
170,R_2VLbiekyzGprx1b,13.857142857142858,12.857142857142858,11.857142857142858,0.804861818486956,8.047619047619047,0.6035105127572451,2406.3207282913163,1.3845608646053589,482.0,4.0,1.0,5.0,28.0,0.44673539518900346,17.0,6.0,25.0,25.0,15.0,11.5
171,R_2VQmEDuSGxHMXBM,11.717391304347826,10.717391304347826,9.717391304347826,0.7854016074242918,6.630434782608695,0.5874276466549623,2957.1939471440746,2.066780299711671,744.0,3.0,4.0,4.0,56.0,0.3580705009276438,15.0,4.0,25.0,25.0,15.0,9.0
172,R_2XjNzHKmkHV47AW,11.630434782608695,10.630434782608695,9.630434782608695,0.7898455472826182,7.630434782608695,0.6655373500768238,2187.929241261722,2.1727012706884734,422.0,4.0,1.0,5.0,25.0,0.48598130841121495,10.0,5.0,25.0,25.0,42.0,34.5
173,R_2XnGltSUYLG6zNo,14.105263157894736,13.105263157894736,12.105263157894736,0.8266117742255342,8.605263157894736,0.6266843411721518,1717.2327141382868,2.0599786845757295,252.0,3.0,3.0,3.0,27.0,0.4608208955223881,13.0,10.0,25.0,24.0,15.0,7.5
174,R_2XnQ4wF2i3SATPF,21.857142857142858,20.857142857142858,19.857142857142858,0.8826613730741018,11.571428571428571,0.5553783199609341,1745.8508403361343,0.878472561306068,428.0,2.0,3.0,3.0,21.0,0.40032679738562094,18.0,8.0,25.0,25.0,60.0,45.0
175,R_2Xor5pNaJOPR6ey,15.378378378378379,14.378378378378379,13.378378378378379,0.8431751802072641,8.594594594594595,0.5700778171648628,2163.274509803922,1.0547947566458922,763.0,4.0,4.0,2.0,18.0,0.39718804920913886,15.0,4.0,25.0,25.0,15.0,9.0
176,R_2YM5kgNYaV6aiT3,17.17543859649123,16.17543859649123,15.175438596491228,0.850124421590803,9.543859649122806,0.5644985738420936,2207.7406260749917,0.6782699100357261,422.0,1.0,7.0,3.0,20.0,0.3687436159346272,22.0,11.0,25.0,25.0,42.0,35.0
177,R_2YglHEuzjgVHl8Z,12.09433962264151,11.09433962264151,10.09433962264151,0.8100142484832011,6.60377358490566,0.5567060454079263,2215.215501294858,2.046746544343071,592.0,3.0,3.0,2.0,19.0,0.38533541341653665,19.0,9.0,25.0,25.0,27.0,19.0
180,R_2ZKZt45D4RyCvF5,12.88888888888889,11.88888888888889,10.88888888888889,0.7129587450533742,7.4222222222222225,0.6157084642174157,2001.6396514161218,2.08996709157214,487.0,5.0,7.0,2.0,51.0,0.4396551724137931,15.0,3.0,25.0,25.0,15.0,11.0
181,R_2ZQQxc51YXd3yLG,13.636363636363637,12.636363636363637,11.636363636363637,0.813682478637844,7.886363636363637,0.5887448438318263,1864.241310160428,1.3800535184424656,531.0,5.0,5.0,5.0,27.0,0.47,15.0,5.0,25.0,25.0,15.0,7.5
182,R_2aahrnjCORo5fg0,11.245283018867925,10.245283018867925,9.245283018867925,0.7844346865866942,6.830188679245283,0.6239830118540083,1897.722715501295,1.5588047194048298,674.0,3.0,5.0,5.0,40.0,0.41442953020134227,16.0,7.0,25.0,24.0,6.0,3.0
184,R_2c5gtcfbbNnDcUY,22.41025641025641,21.41025641025641,20.41025641025641,0.8916060972424316,13.871794871794872,0.6279267805985623,1586.140522875817,0.6107639000322597,939.0,2.0,7.0,5.0,42.0,0.42219679633867274,17.0,6.0,25.0,25.0,27.0,21.0
185,R_2cB03QSjhnYBUIP,20.46153846153846,19.46153846153846,18.46153846153846,0.8867637109318933,10.884615384615385,0.5558360681376013,1861.2877073906488,1.07515218918453,320.0,2.0,7.0,3.0,19.0,0.40037593984962405,18.0,8.0,25.0,25.0,42.0,28.0
187,R_2ctuD8pnzkZISBI,17.404761904761905,16.404761904761905,15.404761904761905,0.8668147280292976,9.214285714285714,0.5325893705983199,2524.156162464986,1.2307609783104947,331.0,4.0,2.0,2.0,19.0,0.3173734610123119,15.0,5.0,25.0,25.0,15.0,9.0
188,R_2dWre3wfbnS9amW,10.745098039215685,9.745098039215685,8.745098039215685,0.7924059984613617,5.9411764705882355,0.5571035622073685,2743.3112264513647,1.9528351466713918,587.0,2.0,5.0,5.0,26.0,0.3594890510948905,13.0,8.0,25.0,25.0,15.0,11.0
190,R_2fI4fGU1UAPJR52,16.452380952380953,15.452380952380953,14.452380952380953,0.8471146354738637,9.095238095238095,0.5626447084390389,2032.4512138188609,0.6228790380447928,686.0,2.0,6.0,4.0,58.0,0.39363241678726485,21.0,4.0,25.0,25.0,15.0,11.0
191,R_2fJ2FB6FPEuH7es,11.434782608695652,10.434782608695652,9.434782608695652,0.7815201350863142,6.695652173913044,0.6067210892699443,3091.4109121909632,2.525120203078682,179.0,5.0,5.0,6.0,21.0,0.39923954372623577,15.0,6.0,25.0,25.0,15.0,9.0
192,R_2fJ3TghtLgWb7lT,22.576923076923077,21.576923076923077,20.576923076923077,0.9025605773048415,12.846153846153847,0.5703860194474084,1253.247737556561,-0.16534374684013933,306.0,3.0,5.0,2.0,20.0,0.5076660988074957,18.0,8.0,25.0,25.0,27.0,18.0
195,R_2fqUcnWXMDMRoiM,15.555555555555555,14.555555555555555,13.555555555555555,0.7905873276667911,8.666666666666666,0.567974122540686,1782.8047930283224,0.30155533124529277,552.0,2.0,6.0,5.0,20.0,0.44142857142857145,21.0,8.0,25.0,25.0,27.0,25.0
197,R_2q7X6RFGB7xNJcq,15.083333333333334,14.083333333333334,13.083333333333334,0.8489475580927787,8.145833333333334,0.5506937430420886,2669.0044934640523,1.3493596656390237,402.0,3.0,5.0,3.0,20.0,0.39226519337016574,16.0,5.0,25.0,25.0,42.0,33.0
199,R_2qg7HPWGYt7dzwM,17.35135135135135,16.35135135135135,15.35135135135135,0.8353923095711567,10.0,0.5704895412242204,2712.9268680445152,0.6415167956865865,,,,,,0.4392523364485981,18.0,8.0,25.0,25.0,27.0,21.0
200,R_2qmzeS7P98KLQa4,67.625,66.625,65.625,0.9607702243298413,44.75,0.6610322883325435,835.1740196078431,0.12847838808115666,429.0,5.0,5.0,4.0,52.0,0.4436229205175601,0.0,0.0,25.0,25.0,15.0,9.0
202,R_2rGk0lip6x6ezhE,16.875,15.875,14.875,0.8600786035807093,8.946428571428571,0.5441566188531237,3182.2050070028013,0.995901802096321,507.0,4.0,6.0,3.0,28.0,0.2878306878306878,18.0,8.0,25.0,25.0,27.0,17.0
205,R_2sU4CHt784Da7tm,11.03448275862069,10.03448275862069,9.03448275862069,0.7622017221638464,6.603448275862069,0.6268379669113513,1618.1249154834347,0.94905864922852,432.0,3.0,3.0,2.0,49.0,0.4484375,19.0,6.0,25.0,25.0,15.0,11.0
207,R_2tm1Fn4aviukvIl,12.794871794871796,11.794871794871796,10.794871794871796,0.8201461269275034,6.769230769230769,0.5300818614583797,2789.35520361991,1.7836992742728444,510.0,4.0,1.0,4.0,20.0,0.3847695390781563,11.0,3.0,25.0,25.0,6.0,3.0
210,R_2v24fG1glCOHhdu,18.28125,17.28125,16.28125,0.8614898362955479,10.25,0.5695915487100596,1297.5036764705883,1.2476684989524964,740.0,5.0,3.0,2.0,22.0,0.46324786324786327,19.0,10.0,25.0,25.0,42.0,29.0
213,R_2w5JtqyycuNHNBl,20.06382978723404,19.06382978723404,18.06382978723404,0.8086781169260198,10.893617021276595,0.5747648162361966,3136.729870671673,1.79810065069285,609.0,3.0,3.0,4.0,55.0,0.3213149522799576,15.0,5.0,25.0,25.0,15.0,10.0
214,R_2wKYNuquanAp2KV,13.35,12.35,11.35,0.8130866254918112,7.625,0.5781776868212627,2273.196323529412,1.904444967647669,368.0,2.0,3.0,2.0,21.0,0.47191011235955055,6.0,2.0,25.0,25.0,81.0,63.0
216,R_2wTuK5kUpF86b3H,12.761194029850746,11.761194029850746,10.761194029850746,0.7775837688381605,7.582089552238806,0.5984213715632833,2521.35659935616,2.225750796189446,,,,,,0.36257309941520466,12.0,3.0,25.0,24.0,15.0,11.0
217,R_2wpkk2n0E9YjAe1,12.203703703703704,11.203703703703704,10.203703703703704,0.7791425192740982,7.351851851851852,0.6043414688517027,1824.1441539578796,2.172981584960094,343.0,4.0,1.0,6.0,21.0,0.44157814871016693,9.0,4.0,25.0,25.0,27.0,18.0
219,R_2y3dfsq3LRNTUS9,23.583333333333332,22.583333333333332,21.583333333333332,0.8824356960468941,12.458333333333334,0.5316856395385015,2147.8823529411766,0.26887825939398385,791.0,4.0,7.0,3.0,27.0,0.4169611307420495,19.0,8.0,24.0,25.0,60.0,42.5
220,R_2zSbWsUIpgj9mBA,15.3,14.3,13.3,0.8435467508456123,8.275,0.5377652659379415,2607.5904411764704,1.8129186348030195,422.0,3.0,3.0,3.0,20.0,0.3611111111111111,17.0,7.0,25.0,25.0,15.0,12.5
222,R_30csjktGEshpkBV,11.98076923076923,10.98076923076923,9.98076923076923,0.7589280815703053,6.884615384615385,0.5896061514123658,2847.4813348416287,1.757801739615077,540.0,4.0,4.0,5.0,22.0,0.3884430176565008,6.0,4.0,25.0,25.0,15.0,11.0
223,R_30nGo6k5lghs9z4,13.877551020408163,12.877551020408163,11.877551020408163,0.8352280458510456,7.510204081632653,0.5552080433205355,2567.74449779912,1.7086363765262311,766.0,2.0,6.0,3.0,20.0,0.3588235294117647,19.0,6.0,25.0,25.0,42.0,33.5
224,R_30vDGdWOKBBXD3K,17.636363636363637,16.636363636363637,15.636363636363637,0.851462667408464,10.121212121212121,0.6008620075291649,2598.4896019013663,0.15446559470535595,505.0,5.0,6.0,6.0,51.0,0.4415807560137457,16.0,6.0,25.0,25.0,15.0,10.0
226,R_31RH5OYIoLn7c6y,15.11111111111111,14.11111111111111,13.11111111111111,0.8523449280047297,8.155555555555555,0.5438312835566841,2258.832897603486,1.5030016522885177,458.0,4.0,5.0,5.0,23.0,0.3397058823529412,10.0,4.0,25.0,25.0,15.0,10.5
229,R_31snl7LXCWChF7I,17.451612903225808,16.451612903225808,15.451612903225806,0.8546524077629974,9.225806451612904,0.5361612979501399,2379.9667931688805,1.7213267073432854,250.0,4.0,2.0,3.0,18.0,0.3345656192236599,10.0,5.0,25.0,25.0,27.0,18.0
231,R_32KDlRzqkm1BqnK,11.761194029850746,10.761194029850746,9.761194029850746,0.7640024643501839,6.552238805970149,0.5834574619733577,2457.4923909862455,1.7325983921335928,567.0,5.0,5.0,5.0,59.0,0.3616751269035533,20.0,8.0,25.0,25.0,42.0,27.5
232,R_338xxVjAO82IMkW,13.638297872340425,12.638297872340425,11.638297872340425,0.8018733802892881,7.617021276595745,0.5695014446174301,3086.45848977889,1.923130979069356,489.0,2.0,6.0,3.0,22.0,0.38065522620904835,20.0,10.0,25.0,25.0,42.0,31.0
233,R_33C3AYSbZYhWA99,15.18867924528302,14.18867924528302,13.18867924528302,0.8456969240104937,8.924528301886792,0.5958014569498885,1319.5566037735848,0.8789343158726552,,,,,,0.41490683229813663,21.0,10.0,24.0,24.0,27.0,23.0
234,R_33Cj7KrnTUcmqfz,14.962264150943396,13.962264150943396,12.962264150943396,0.8505048974055054,8.20754716981132,0.5536596933857437,2535.330928597854,1.9697002803443924,798.0,6.0,5.0,5.0,47.0,0.3354350567465322,16.0,9.0,25.0,25.0,15.0,10.0
235,R_33DCnPdZACX5GWO,12.0,11.0,10.0,0.8098869751036989,6.885245901639344,0.5736748746755168,2228.1567823850855,1.5646996566259221,510.0,3.0,4.0,4.0,21.0,0.2520491803278688,12.0,8.0,25.0,25.0,42.0,28.0
237,R_394Rta1BvBFahpL,14.282051282051283,13.282051282051283,12.282051282051283,0.8264407342838717,7.769230769230769,0.5462314192706349,2217.411513323278,1.595431098237573,689.0,1.0,5.0,3.0,18.0,0.44703770197486536,18.0,8.0,25.0,25.0,6.0,3.5
238,R_3C1BDaREYJhc2SR,39.4,38.4,37.4,0.9017342777139599,23.133333333333333,0.581128810038075,2524.582352941177,1.236694450747001,700.0,6.0,2.0,3.0,54.0,0.41455160744500846,17.0,4.0,24.0,25.0,15.0,10.0
239,R_3D0c4fqlwbyL7Ha,14.020408163265307,13.020408163265307,12.020408163265307,0.7714164931934199,8.0,0.5881814676613556,2853.3815526210487,2.321086135460284,673.0,2.0,5.0,2.0,48.0,0.3245997088791849,12.0,5.0,25.0,25.0,27.0,16.0
241,R_3DqgIvjPcJv4Wb5,88.57142857142857,87.57142857142857,86.57142857142857,0.9773789261270711,55.57142857142857,0.6280414612988491,1932.5756302521008,-1.8997557062425778,467.0,5.0,2.0,5.0,57.0,0.42096774193548386,0.0,0.0,24.0,23.0,27.0,21.0
250,R_3GcA0OlbHAuNz7D,13.692307692307692,12.692307692307692,11.692307692307692,0.8065929296619834,7.6923076923076925,0.5718949876494633,2376.35520361991,1.8017227812674315,455.0,2.0,4.0,3.0,21.0,0.34269662921348315,12.0,3.0,25.0,25.0,27.0,20.0
253,R_3GkbfuR76o8ypT4,23.97142857142857,22.97142857142857,21.97142857142857,0.9004830736830475,13.4,0.56879163278955,2061.13025210084,1.2112694362582688,771.0,3.0,3.0,2.0,26.0,0.38617401668653156,16.0,8.0,25.0,25.0,15.0,10.0
254,R_3HUe3ZRpqUBWxto,11.84,10.84,9.84,0.7055750704443455,8.0,0.6518775440502782,1979.8796078431374,1.5386420657923319,718.0,1.0,7.0,3.0,27.0,0.4814189189189189,15.0,10.0,25.0,25.0,15.0,10.0
255,R_3Hoz85x7U9WS5is,40.84615384615385,39.84615384615385,38.84615384615385,0.8858668365060522,32.38461538461539,0.738248180211544,1042.0339366515836,-0.2280009168025927,763.0,3.0,4.0,4.0,28.0,0.6365348399246704,20.0,7.0,25.0,25.0,15.0,9.0
258,R_3I44ycHqWb44qpS,65.27272727272727,64.27272727272727,63.27272727272727,0.9632794399890497,38.27272727272727,0.5964988330711292,1666.3778966131906,-0.06568842726906456,,,,,,0.5125348189415042,17.0,3.0,25.0,24.0,15.0,8.0
259,R_3JayJ4zWEYg86ZW,20.56,19.56,18.56,0.866594447750017,11.84,0.5804830190378625,1923.9003921568626,1.513098537748187,479.0,3.0,3.0,3.0,57.0,0.49221789883268485,20.0,7.0,25.0,25.0,15.0,7.0
260,R_3JhpglXPnCcWirT,29.59259259259259,28.59259259259259,27.59259259259259,0.8818361333669138,16.333333333333332,0.5700754501891745,1688.2164124909223,0.9732779370703054,684.0,2.0,5.0,7.0,57.0,0.4355444305381727,19.0,6.0,25.0,25.0,15.0,6.0
262,R_3KAzFPqXy2hkVLb,13.020408163265307,12.020408163265307,11.020408163265307,0.8263319347052841,7.551020408163265,0.5861701956840012,1786.438175270108,1.6561813556294822,501.0,3.0,5.0,5.0,23.0,0.3824451410658307,11.0,5.0,25.0,25.0,15.0,11.0
263,R_3KGFhtzhE4OlhIl,9.827586206896552,8.827586206896552,7.827586206896552,0.7443389978940316,5.689655172413793,0.5944714442112221,2436.654665314402,1.8887780997040342,844.0,3.0,1.0,3.0,49.0,0.3684210526315789,19.0,4.0,23.0,21.0,42.0,30.0
264,R_3KOMQFwEquL1mJU,12.511111111111111,11.511111111111111,10.511111111111111,0.8030369547029483,7.155555555555556,0.5879475674562497,2489.6427015250547,2.099838639891379,333.0,3.0,2.0,3.0,20.0,0.38543516873889877,18.0,7.0,25.0,25.0,42.0,24.0
265,R_3KZQkcIE9mZDqHM,14.363636363636363,13.363636363636363,12.363636363636363,0.8336333664201113,7.681818181818182,0.5433930193315633,2098.5280748663104,0.9211638000723067,332.0,2.0,5.0,3.0,22.0,0.3322784810126582,20.0,8.0,25.0,25.0,27.0,19.0
266,R_3KusQm8Sdqn3Fxb,21.186046511627907,20.186046511627907,19.186046511627907,0.8910263956573271,11.69767441860465,0.5574586337139802,1793.468308253534,0.2348473184100255,417.0,5.0,6.0,3.0,20.0,0.3578485181119649,21.0,11.0,25.0,25.0,15.0,11.0
267,R_3L69LcS9j2TkLzZ,18.714285714285715,17.714285714285715,16.714285714285715,0.851786753344368,10.571428571428571,0.5749567402244079,3342.0885154061625,2.314136856926995,534.0,2.0,4.0,4.0,42.0,0.23511450381679388,10.0,7.0,24.0,25.0,15.0,7.0
268,R_3MLFiJNf0IsvVrG,12.4,11.4,10.4,0.7984470419633554,6.723076923076923,0.5491974151381153,2164.5772247360483,1.1475174327258608,551.0,4.0,4.0,3.0,21.0,0.3746898263027295,18.0,9.0,25.0,25.0,15.0,10.0
269,R_3MS7ZeTYdmdbfPs,11.770491803278688,10.770491803278688,9.770491803278688,0.7834384653750798,6.622950819672131,0.5795137263696493,2766.2378656380583,1.4748519112443652,847.0,3.0,3.0,3.0,56.0,0.4331476323119777,14.0,5.0,25.0,25.0,27.0,18.0
270,R_3MbTEGD21vso05F,14.710526315789474,13.710526315789474,12.710526315789474,0.7876153019229848,8.131578947368421,0.585590305746734,1921.4530443756448,1.9819887455801684,773.0,3.0,5.0,4.0,37.0,0.4525939177101968,8.0,5.0,25.0,25.0,6.0,2.5
275,R_3Od0d0KbWrkWhve,25.571428571428573,24.571428571428573,23.571428571428573,0.9008382066143968,14.942857142857143,0.6041069005698712,1718.6268907563026,0.4262511916113725,694.0,5.0,1.0,3.0,37.0,0.36983240223463687,14.0,2.0,25.0,25.0,27.0,18.0
277,R_3PBtyI6uqItsvOX,15.48936170212766,14.48936170212766,13.48936170212766,0.8422079742148983,8.595744680851064,0.5630216545771202,1465.6097204839384,1.15468662019277,690.0,1.0,1.0,5.0,22.0,0.29945054945054944,9.0,1.0,25.0,25.0,27.0,19.5
278,R_3PZdSjYm2XlZN9A,19.137931034482758,18.137931034482758,17.137931034482758,0.8779754636233469,10.03448275862069,0.5309465399766109,1618.451318458418,1.13477281230851,604.0,2.0,1.0,2.0,18.0,0.42342342342342343,13.0,6.0,25.0,25.0,15.0,9.5
279,R_3Pk93F0LhuJHRo6,13.617977528089888,12.617977528089888,11.617977528089888,0.8178832643493454,7.157303370786517,0.5351835462567887,2311.5593743115223,1.2088601884807353,716.0,2.0,6.0,5.0,25.0,0.32838283828382836,20.0,7.0,25.0,25.0,27.0,17.0
280,R_3Pq4sOnYnv0dyOQ,18.93103448275862,17.93103448275862,16.93103448275862,0.8777395376392935,10.53448275862069,0.5599743697076993,1738.5742055442868,0.3074143124227397,465.0,3.0,5.0,3.0,19.0,0.36065573770491804,18.0,7.0,25.0,25.0,42.0,28.5
283,R_3ReVfZthNNmY0ae,17.09090909090909,16.09090909090909,15.090909090909092,0.8415220731265559,8.954545454545455,0.542257547780236,2258.1399286987526,1.0305063432957822,769.0,4.0,2.0,3.0,32.0,0.3896276595744681,18.0,7.0,24.0,24.0,27.0,20.0
284,R_3Rg3jKfpyvDPpCa,14.268292682926829,13.268292682926829,12.268292682926829,0.835706980340388,7.7317073170731705,0.5485668572269943,2193.3053562888567,1.6861438106440747,514.0,2.0,2.0,6.0,25.0,0.3435897435897436,9.0,6.0,25.0,25.0,81.0,66.0
286,R_3dNim0moT5xx7T0,11.92,10.92,9.92,0.7738690643542305,6.5,0.5580703105504896,2827.28862745098,1.930339284285633,405.0,5.0,5.0,4.0,57.0,0.42449664429530204,15.0,5.0,25.0,25.0,15.0,11.0
288,R_3edV9VP0PLxTggc,18.178571428571427,17.178571428571427,16.178571428571427,0.8684165158276305,9.892857142857142,0.5516783993163306,1744.7272408963586,0.9654307367754187,332.0,5.0,7.0,3.0,20.0,0.43222003929273084,16.0,9.0,25.0,25.0,15.0,9.0
289,R_3eg0qHxIhwVR8QB,16.695121951219512,15.695121951219512,14.695121951219512,0.849315212723383,8.890243902439025,0.5396162919091053,2499.486967957915,0.8933504232775752,386.0,2.0,6.0,3.0,20.0,0.28487947406866326,20.0,10.0,25.0,25.0,42.0,29.0
290,R_3ekHDifo3TePbdI,15.297297297297296,14.297297297297296,13.297297297297296,0.8428871606923835,8.621621621621621,0.5629834051071768,1489.1346051934288,0.9211369612089436,220.0,4.0,4.0,3.0,19.0,0.49823321554770317,21.0,10.0,25.0,25.0,42.0,26.0
292,R_3emO63cyClKCoX1,24.956521739130434,23.956521739130434,22.956521739130434,0.8855675845441332,13.91304347826087,0.5802807968976854,2143.925831202046,0.42676431676857157,552.0,2.0,6.0,3.0,56.0,0.4337979094076655,17.0,6.0,25.0,25.0,27.0,22.0
294,R_3fE4QrHm1ofNLAv,18.09375,17.09375,16.09375,0.8712539785446833,9.65625,0.5348841186972676,1965.1513480392157,1.1548659190948252,514.0,2.0,4.0,3.0,22.0,0.43523316062176165,14.0,8.0,25.0,25.0,27.0,18.0
295,R_3fOGzOKlcHBUJ5F,13.833333333333334,12.833333333333334,11.833333333333334,0.8082482179777047,7.928571428571429,0.5835160013608853,1701.1360877684408,0.8008616518202987,771.0,2.0,5.0,3.0,20.0,0.44922547332185886,18.0,9.0,25.0,25.0,42.0,25.5
296,R_3fVmb0k09ahEaD2,24.958333333333332,23.958333333333332,22.958333333333332,0.8553040355267248,15.791666666666666,0.6258269627519084,3205.766748366013,2.304678201451498,174.0,7.0,7.0,7.0,25.0,0.42237061769616024,13.0,5.0,25.0,25.0,27.0,18.0
297,R_3fjm34eQXiSYRrQ,13.380952380952381,12.380952380952381,11.380952380952381,0.8205735622772862,7.428571428571429,0.5689486243957861,2116.997198879552,1.6017416736594465,546.0,2.0,3.0,2.0,20.0,0.43238434163701067,20.0,10.0,25.0,25.0,15.0,10.0
298,R_3flRo1CtANQUbts,11.55813953488372,10.55813953488372,9.55813953488372,0.8017090192948787,6.5813953488372094,0.5739515079883357,2656.4017327861375,2.6479459963929495,514.0,2.0,2.0,3.0,21.0,0.3983903420523139,17.0,5.0,25.0,25.0,6.0,3.0
303,R_3hztxFjxTnrCM0M,15.785714285714286,14.785714285714286,13.785714285714286,0.8607448556447894,8.69047619047619,0.5534476043003796,1703.7929505135387,1.5010467505121976,682.0,3.0,3.0,3.0,25.0,0.39215686274509803,19.0,7.0,25.0,25.0,15.0,9.0
305,R_3iVvTNpKuIc5JjU,14.951219512195122,13.951219512195122,12.951219512195122,0.8402784293425771,8.292682926829269,0.5574145395463643,2852.273792443807,0.9971965715182607,539.0,2.0,5.0,5.0,50.0,0.4029363784665579,21.0,8.0,25.0,25.0,27.0,17.0
308,R_3kESJX6khUI56Bj,11.549019607843137,10.549019607843137,9.549019607843137,0.788578778173041,6.627450980392157,0.5816691745352868,3459.3335255670895,1.1633822478054465,653.0,2.0,5.0,3.0,19.0,0.432937181663837,18.0,7.0,24.0,24.0,60.0,44.0
309,R_3lXNsKpTKga2Y0q,72.57142857142857,71.57142857142857,70.57142857142857,0.9718996387171386,44.0,0.5999122083603546,1742.8305322128851,-0.7900580291915439,126.0,4.0,2.0,2.0,27.0,0.4547244094488189,12.0,7.0,25.0,25.0,15.0,9.5
311,R_3mmW9R7ovnDpoko,10.75,9.75,8.75,0.7797434955917099,6.696428571428571,0.6368626537153322,2270.4417016806724,1.6766042469305582,390.0,5.0,3.0,3.0,18.0,0.4368770764119601,18.0,5.0,25.0,25.0,42.0,32.0
312,R_3nC44WvwVF2Lvnr,23.458333333333332,22.458333333333332,21.458333333333332,0.9021046723863652,12.791666666666666,0.5520298760809353,1369.0739379084969,0.5718626995596907,564.0,2.0,1.0,2.0,21.0,0.41207815275310833,15.0,4.0,25.0,25.0,27.0,21.0
313,R_3nJ0L4VhtUwzK8B,16.86842105263158,15.868421052631579,14.868421052631579,0.84950956675205,9.0,0.5347627882947511,1745.9109907120744,0.9288071986373971,421.0,3.0,5.0,3.0,19.0,0.42589703588143524,21.0,10.0,25.0,24.0,42.0,33.0
314,R_3nPqTUmuVlovBii,10.657894736842104,9.657894736842104,8.657894736842104,0.7651390138417684,5.723684210526316,0.5349852576471145,3218.5557275541796,1.7503949894783768,607.0,4.0,1.0,3.0,56.0,0.2876543209876543,9.0,0.0,25.0,24.0,15.0,10.5
316,R_3p2SuvV4NdBq6NW,10.145454545454545,9.145454545454545,8.145454545454545,0.7166404806290477,5.945454545454545,0.6200169549957489,1892.0891265597147,1.9324006296401148,471.0,3.0,5.0,2.0,30.0,0.482078853046595,17.0,5.0,25.0,25.0,27.0,16.0
319,R_3qeXvrg075jCACx,13.51923076923077,12.51923076923077,11.51923076923077,0.825618001492045,7.980769230769231,0.5903330893180961,1741.0196078431372,1.1933201017383472,478.0,3.0,1.0,5.0,24.0,0.4139402560455192,6.0,3.0,25.0,25.0,60.0,51.0
321,R_3qrETFdzQkgO6RQ,11.333333333333334,10.333333333333334,9.333333333333334,0.7764849393525864,6.5625,0.5829617312154077,2542.8872549019607,1.6938269740937237,771.0,4.0,2.0,5.0,22.0,0.4172794117647059,16.0,8.0,25.0,25.0,42.0,36.0
323,R_3rHSceJJuvdpAuC,15.81081081081081,14.81081081081081,13.81081081081081,0.8433138401231605,8.405405405405405,0.5508265301332159,2378.337572866985,1.165211293444032,324.0,1.0,5.0,3.0,18.0,0.4,22.0,9.0,25.0,25.0,42.0,25.0
324,R_3rINJ5T7EM1k1WX,11.425531914893616,10.425531914893616,9.425531914893616,0.7790345390704536,6.170212765957447,0.5752549497445291,2336.5168961201502,1.6069427956931588,597.0,6.0,4.0,3.0,52.0,0.38733705772811916,15.0,6.0,25.0,25.0,27.0,19.0
330,R_3sz6vHipETO2jmh,12.886363636363637,11.886363636363637,10.886363636363637,0.8082005116673309,6.7727272727272725,0.5397205356445787,2586.417780748663,1.2982048850932488,,,,,,0.37742504409171074,17.0,7.0,25.0,25.0,27.0,21.0
334,R_5bBHTOHTPVt6c1P,8.453703703703704,7.453703703703703,6.453703703703703,0.6951564382119938,5.398148148148148,0.673633863564419,2813.927378358751,2.592830565304512,515.0,5.0,4.0,1.0,18.0,0.31653888280394304,9.0,6.0,25.0,25.0,15.0,11.5
335,R_5mvW5YWBV4k9GuZ,16.98076923076923,15.98076923076923,14.98076923076923,0.8547276886343708,9.057692307692308,0.5396319008787331,2340.884238310709,1.3473136088282271,656.0,2.0,5.0,3.0,20.0,0.3986409966024915,22.0,9.0,25.0,25.0,42.0,32.0
337,R_6VWE6GQIFk55PI5,13.704545454545455,12.704545454545455,11.704545454545455,0.8102124292109323,8.045454545454545,0.6063338404773758,2495.063948306595,1.9792869694348125,674.0,3.0,3.0,2.0,55.0,0.41459369817578773,17.0,3.0,25.0,25.0,15.0,10.0
341,R_7Onhvza67tHSY9z,19.339285714285715,18.339285714285715,17.339285714285715,0.869119407635486,10.446428571428571,0.5543528730566799,2301.196078431373,1.0648685447471717,647.0,3.0,2.0,5.0,33.0,0.33518005540166207,18.0,8.0,25.0,25.0,42.0,24.0
342,R_8641LBNQO7lbv9v,18.186046511627907,17.186046511627907,16.186046511627907,0.8650318309865747,10.093023255813954,0.556481592420958,1602.764477884177,0.5279295461378337,424.0,1.0,6.0,3.0,19.0,0.4143222506393862,22.0,9.0,25.0,25.0,42.0,26.0
343,R_8BLR4bkonAdqIil,14.108695652173912,13.108695652173912,12.108695652173912,0.845623150125775,7.934782608695652,0.5707470735729923,1768.1924552429668,1.151735901403581,720.0,2.0,6.0,3.0,23.0,0.4745762711864407,14.0,6.0,25.0,25.0,27.0,22.0
344,R_8p2GWQzd6CmgqbL,12.666666666666666,11.666666666666666,10.666666666666666,0.8010949030393475,7.2592592592592595,0.5835758480202925,2309.665577342048,1.8757842800703313,,,,,,0.37280701754385964,10.0,3.0,25.0,25.0,27.0,21.5
347,R_9HtqFkIvDpzl4Yx,17.676470588235293,16.676470588235293,15.676470588235293,0.876787555686703,9.411764705882353,0.5376562635411106,2526.3837946943486,1.0612612628714058,493.0,4.0,3.0,5.0,20.0,0.3843594009983361,21.0,9.0,25.0,25.0,42.0,28.0
348,R_9MpspbfQlUH2kKd,16.333333333333332,15.333333333333334,14.333333333333334,0.8493925125369736,8.722222222222221,0.5311233255103357,2344.993736383442,2.068289625684956,590.0,4.0,4.0,3.0,50.0,0.30952380952380953,14.0,4.0,24.0,25.0,27.0,20.0
349,R_9RG23tAVzp4b09H,15.18867924528302,14.18867924528302,13.18867924528302,0.7677768570878613,8.830188679245284,0.6247015792993216,1659.9600443951165,0.998635326963357,644.0,4.0,4.0,4.0,56.0,0.43850931677018634,15.0,5.0,25.0,25.0,15.0,11.0
352,R_A1cS2hHTiZ2EfIZ,9.358695652173912,8.358695652173912,7.358695652173913,0.6767975023510762,5.260869565217392,0.5731589964267646,2585.886402387042,2.9542528149641054,595.0,5.0,5.0,6.0,44.0,0.3832752613240418,19.0,7.0,24.0,25.0,27.0,22.0
353,R_ALmmttrE90nUpNL,13.825,12.825,11.825,0.8329644259996595,7.525,0.5595326723686866,2138.967647058824,0.8103035821218991,840.0,3.0,2.0,3.0,25.0,0.44665461121157324,20.0,5.0,25.0,25.0,42.0,28.0
356,R_D8ZdLNoNa5bLQch,14.727272727272727,13.727272727272727,12.727272727272727,0.8409590722681926,7.931818181818182,0.5421511909454202,2834.065285204991,1.3157596370745805,564.0,2.0,5.0,3.0,19.0,0.3734567901234568,18.0,9.0,25.0,25.0,42.0,27.0
357,R_D8osjozuVSHlApX,15.902439024390244,14.902439024390244,13.902439024390244,0.8298755229838372,8.707317073170731,0.5529292556907269,2779.525107604017,1.3381418098292508,835.0,3.0,5.0,2.0,18.0,0.40337423312883436,13.0,6.0,25.0,25.0,15.0,11.0
360,R_DGHcV41uJPFzwDn,21.5,20.5,19.5,0.8946649501940528,11.807692307692308,0.5484528110619592,1508.6214177978884,0.4075459298282977,416.0,3.0,3.0,3.0,21.0,0.4257602862254025,15.0,5.0,24.0,24.0,27.0,21.0
363,R_O10atkwfz9CcTqp,15.382352941176471,14.382352941176471,13.382352941176471,0.8431997850174617,8.529411764705882,0.551296106651512,2008.0360438292967,1.6678040063651005,851.0,2.0,7.0,4.0,40.0,0.4378585086042065,20.0,5.0,25.0,25.0,27.0,22.0
366,R_PIo03EW5NoiE8HT,9.55,8.55,7.55,0.7142537052348463,5.7,0.6064500598470519,689.2022058823529,3.471668222331027,166.0,7.0,3.0,3.0,18.0,0.05235602094240838,18.0,10.0,25.0,25.0,60.0,50.0
368,R_PuqKTb3Nd3Ld2uJ,12.795454545454545,11.795454545454545,10.795454545454545,0.8048876702704912,7.090909090909091,0.5763390456576482,2533.872103386809,2.255880040742831,684.0,4.0,2.0,3.0,23.0,0.3907637655417407,17.0,7.0,25.0,25.0,27.0,14.5
371,R_REyso7CKIJVtzQR,15.416666666666666,14.416666666666666,13.416666666666666,0.8497645684936618,8.86111111111111,0.5713218306100899,2101.449891067538,0.902138846673808,728.0,4.0,4.0,2.0,19.0,0.4540540540540541,13.0,3.0,25.0,25.0,27.0,18.5
372,R_RPLTZPitkjWdwqZ,14.857142857142858,13.857142857142858,12.857142857142858,0.8353528562776683,8.314285714285715,0.5777981972079717,2475.398319327731,1.1288817657392773,887.0,5.0,3.0,3.0,19.0,0.4288461538461538,16.0,5.0,25.0,25.0,15.0,8.0
374,R_STrYLr8lNNjOWC5,16.11111111111111,15.11111111111111,14.11111111111111,0.8099958213046122,8.194444444444445,0.5253169030447808,1818.1838235294117,1.175602655850052,451.0,1.0,2.0,2.0,19.0,0.4,19.0,8.0,25.0,25.0,15.0,11.0
378,R_XmRKVc33C5sZ88p,31.92,30.92,29.92,0.9135541614490731,16.48,0.5202168080384161,2156.28,0.6453731830406589,677.0,2.0,2.0,6.0,26.0,0.39849624060150374,18.0,14.0,25.0,25.0,27.0,16.0
382,R_Y60RsHzJFMeGlIl,17.05,16.05,15.05,0.873120301685721,9.2,0.5431532868557535,3065.7735294117647,1.5841864757707769,501.0,4.0,3.0,2.0,20.0,0.3357771260997067,17.0,5.0,25.0,25.0,27.0,19.0
384,R_a61ZrFFORcpttqV,11.254901960784315,10.254901960784315,9.254901960784315,0.7749551515799448,6.03921568627451,0.5502033961113245,4165.833717800846,1.8536407835799338,321.0,5.0,5.0,6.0,47.0,0.33797909407665505,16.0,7.0,25.0,25.0,27.0,18.0
386,R_bNQASffqViGVm0N,19.257142857142856,18.257142857142856,17.257142857142856,0.871783432833536,11.0,0.5880880013023704,1416.4985994397757,0.29682159432830113,259.0,3.0,5.0,5.0,40.0,0.4821958456973294,20.0,11.0,25.0,25.0,15.0,9.5
387,R_bkZO7MUHX3EgsJH,14.573529411764707,13.573529411764707,12.573529411764707,0.8376535102309195,8.132352941176471,0.5696261212457676,3094.167675893887,1.6783603455584748,758.0,3.0,2.0,3.0,33.0,0.37235116044399597,11.0,9.0,25.0,25.0,15.0,7.0
388,R_bseMNnz7yZLLOMx,14.418604651162791,13.418604651162791,12.418604651162791,0.8467170339256319,8.116279069767442,0.5717775007875947,1240.5417236662106,0.18200902793271728,313.0,3.0,7.0,3.0,20.0,0.482258064516129,20.0,12.0,25.0,25.0,15.0,11.5
389,R_cBZJa3IAjeO0kJb,47.25,46.25,45.25,0.9248958611200065,25.25,0.5465781864715036,2146.7867647058824,0.6205810690219097,430.0,5.0,5.0,3.0,43.0,0.4514991181657848,14.0,7.0,25.0,25.0,15.0,11.0
390,R_cDaZBiRvRDA0SuB,15.914285714285715,14.914285714285715,13.914285714285715,0.8546071533006903,8.542857142857143,0.5436865375947737,2436.931092436975,1.700227788066508,854.0,4.0,3.0,2.0,19.0,0.38420107719928187,19.0,5.0,25.0,25.0,27.0,14.0
399,R_pfIfuU7tCAT0vNn,16.166666666666668,15.166666666666666,14.166666666666666,0.8492794233988465,8.61111111111111,0.5466005859700801,1875.4117647058822,1.775013104854673,850.0,5.0,5.0,2.0,26.0,0.39347079037800686,9.0,4.0,25.0,25.0,27.0,17.0
400,R_pir75TfQmafwnIJ,16.945454545454545,15.945454545454545,14.945454545454545,0.79766003958249,9.272727272727273,0.5554107860815534,2233.564705882353,1.8715680076481116,544.0,2.0,3.0,3.0,23.0,0.3594420600858369,16.0,10.0,25.0,24.0,27.0,16.0
401,R_qCq5qonpwq61jah,29.55,28.55,27.55,0.863820134835222,17.3,0.5969152656307143,2028.8411764705882,0.9891913044184184,451.0,4.0,4.0,4.0,28.0,0.4720812182741117,8.0,3.0,24.0,23.0,15.0,7.5
403,R_qVEcKbKewwF2tyN,16.5,15.5,14.5,0.8454825581700176,9.375,0.5824273643407597,1736.907475490196,1.0630590346093856,790.0,2.0,5.0,5.0,57.0,0.42234848484848486,9.0,4.0,25.0,25.0,15.0,11.5
408,R_sIo4EMl549roYSd,12.18,11.18,10.18,0.7885808450146047,7.06,0.5981659641722302,2287.5898039215685,1.2969495688157182,339.0,3.0,6.0,5.0,45.0,0.44499178981937604,20.0,4.0,25.0,25.0,15.0,11.0
409,R_sMuLiF2RW8Q649j,14.885714285714286,13.885714285714286,12.885714285714286,0.8444157361859365,8.571428571428571,0.5842255562328814,1737.779831932773,1.7928069651092442,593.0,4.0,2.0,5.0,18.0,0.4875239923224568,6.0,4.0,25.0,25.0,27.0,20.0
416,R_vjz7NV6zTYQvSuZ,15.083333333333334,14.083333333333334,13.083333333333334,0.8389264738575958,8.145833333333334,0.5447108294043005,2931.1636029411766,1.5308944628290455,251.0,2.0,6.0,5.0,21.0,0.3687845303867403,19.0,7.0,25.0,25.0,42.0,27.0
417,R_vrdaXKbbjeknqF3,19.035714285714285,18.035714285714285,17.035714285714285,0.8597427660430997,9.857142857142858,0.5279902829776996,2623.9334733893556,0.9213679916994764,762.0,3.0,1.0,5.0,20.0,0.3902439024390244,17.0,7.0,25.0,25.0,27.0,16.0
419,R_xAhlXGrkZkRRL57,15.73134328358209,14.73134328358209,13.73134328358209,0.8441169945377338,8.582089552238806,0.5558766237587085,2075.128475270705,0.8596643290935161,593.0,4.0,1.0,3.0,26.0,0.32637571157495254,21.0,9.0,25.0,25.0,42.0,30.0
421,R_xhgqq1y5rWrwh5T,12.6,11.6,10.6,0.8052361223540508,6.872727272727273,0.577170581787103,3745.074153297683,1.7331923526853237,511.0,5.0,3.0,5.0,21.0,0.33766233766233766,21.0,8.0,25.0,25.0,15.0,11.0
425,R_z3kuiUCd6f0VkUF,14.340425531914894,13.340425531914894,12.340425531914894,0.8405655669637955,7.829787234042553,0.5518656769587359,2143.3815185648727,1.2307370531654056,511.0,5.0,5.0,2.0,20.0,0.3857566765578635,14.0,6.0,25.0,25.0,27.0,22.5
